{"count":1,"self":1618.1520384,"total":5865.6212175,"children":{"InitializeActuators":{"count":15,"self":0.0010065999999999999,"total":0.0010065999999999999,"children":null},"InitializeSensors":{"count":15,"self":0.0070161999999999993,"total":0.0070161999999999993,"children":null},"AgentSendState":{"count":312099,"self":6.8644472,"total":3192.4355020999997,"children":{"GridSensor.Update":{"count":936300,"self":2993.8737152,"total":2993.8737923999997,"children":null},"CollectObservations":{"count":936300,"self":0.3272141,"total":0.3272141,"children":null},"WriteActionMask":{"count":936300,"self":0.47709799999999997,"total":0.47709799999999997,"children":null},"RequestDecision":{"count":936300,"self":2.4547798,"total":190.8929507,"children":{"AgentInfo.ToProto":{"count":936300,"self":1.9829307999999999,"total":188.4381709,"children":{"GenerateSensorData":{"count":936300,"self":4.30337,"total":186.45524,"children":{"GridSensor.GetCompressedObservation":{"count":936300,"self":182.151872,"total":182.1518701,"children":null}}}}}}}}},"DecideAction":{"count":312099,"self":1040.6339584,"total":1040.6339630999998,"children":null},"AgentAct":{"count":312099,"self":10.962496,"total":14.2152243,"children":{"GridSensor.Update":{"count":912,"self":3.03952,"total":3.0395198999999997,"children":null},"AgentInfo.ToProto":{"count":912,"self":0.002546,"total":0.2132086,"children":{"GenerateSensorData":{"count":912,"self":0.0065572,"total":0.21066259999999998,"children":{"GridSensor.GetCompressedObservation":{"count":912,"self":0.2041054,"total":0.2041054,"children":null}}}}}}},"GridSensor.Update":{"count":49,"self":0.1645071,"total":0.1645071,"children":null},"AgentInfo.ToProto":{"count":49,"self":0,"total":0.010960099999999999,"children":{"GenerateSensorData":{"count":49,"self":0.0009992,"total":0.010960099999999999,"children":{"GridSensor.GetCompressedObservation":{"count":49,"self":0.0099609,"total":0.0099609,"children":null}}}}}},"gauges":{"SharkEnemy.CumulativeReward":{"count":961,"max":1,"min":-0.54499954,"runningAverage":-0.1828575,"value":-0.23499991,"weightedAverage":-0.234017432}},"metadata":{"timer_format_version":"0.1.0","start_time_seconds":"1706265824","unity_version":"2022.3.12f1","command_line_arguments":"C:\\Program Files\\Unity\\Hub\\Editor\\2022.3.12f1\\Editor\\Unity.exe -projectpath C:\\Users\\greyb\\OneDrive\\Desktop\\Potok\\Devpull\\Submarine Adventures -useHub -hubIPC -cloudEnvironment production","communication_protocol_version":"1.5.0","com.unity.ml-agents_version":"3.0.0-exp.1","scene_name":"MLEnemyTrain 1","end_time_seconds":"1706271689"}}