{"count":1,"self":1658.4513536,"total":6323.8233955999995,"children":{"InitializeActuators":{"count":30,"self":0.0009999,"total":0.0009999,"children":null},"InitializeSensors":{"count":30,"self":0.0133104,"total":0.0133104,"children":null},"AgentSendState":{"count":176715,"self":7.5007584,"total":3650.1681848,"children":{"GridSensor.Update":{"count":1060290,"self":3424.5380096,"total":3424.5379521,"children":null},"CollectObservations":{"count":1060290,"self":0.329042,"total":0.329042,"children":null},"WriteActionMask":{"count":1060290,"self":0.57853199999999994,"total":0.57853199999999994,"children":null},"RequestDecision":{"count":1060290,"self":2.5183722,"total":217.2219006,"children":{"AgentInfo.ToProto":{"count":1060290,"self":2.0643308,"total":214.70352839999998,"children":{"GenerateSensorData":{"count":1060290,"self":4.5975144,"total":212.6391975,"children":{"GridSensor.GetCompressedObservation":{"count":1060290,"self":208.0416768,"total":208.0416831,"children":null}}}}}}}}},"DecideAction":{"count":176715,"self":998.8185087999999,"total":998.8185523,"children":null},"AgentAct":{"count":176715,"self":12.3278416,"total":16.1166004,"children":{"GridSensor.Update":{"count":1019,"self":3.55318,"total":3.5531800999999996,"children":null},"AgentInfo.ToProto":{"count":1019,"self":0.0031444999999999997,"total":0.2355785,"children":{"GenerateSensorData":{"count":1019,"self":0.0062172999999999994,"total":0.232434,"children":{"GridSensor.GetCompressedObservation":{"count":1019,"self":0.2262167,"total":0.2262167,"children":null}}}}}}},"GridSensor.Update":{"count":67,"self":0.24111249999999998,"total":0.24111249999999998,"children":null},"AgentInfo.ToProto":{"count":67,"self":0,"total":0.0133011,"children":{"GenerateSensorData":{"count":67,"self":0.00099969999999999985,"total":0.0133011,"children":{"GridSensor.GetCompressedObservation":{"count":67,"self":0.012301399999999999,"total":0.012301399999999999,"children":null}}}}}},"gauges":{"SharkEnemy.CumulativeReward":{"count":1086,"max":0.95,"min":-31.5282478,"runningAverage":-26.6695766,"value":-26.7585659,"weightedAverage":-26.6538563}},"metadata":{"timer_format_version":"0.1.0","start_time_seconds":"1706213184","unity_version":"2022.3.12f1","command_line_arguments":"C:\\Program Files\\Unity\\Hub\\Editor\\2022.3.12f1\\Editor\\Unity.exe -projectpath C:\\Users\\greyb\\OneDrive\\Desktop\\Potok\\Devpull\\Submarine Adventures -useHub -hubIPC -cloudEnvironment production","communication_protocol_version":"1.5.0","com.unity.ml-agents_version":"3.0.0-exp.1","scene_name":"MLEnemyTrain","end_time_seconds":"1706219508"}}